{
  "age": 0.07996756754750514,
  "sex": 0.022822617364631897,
  "trestbps": 0.0596232081211972,
  "chol": 0.07088278052680289,
  "fbs": 0.00804607795082193,
  "thalach": 0.09907410455500167,
  "exang": 0.062359616993390536,
  "oldpeak": 0.10596562855526138,
  "ca": 0.12089716421191395,
  "cp_0": 0.07785940550151274,
  "cp_1": 0.014150339033118083,
  "cp_2": 0.022114048918811875,
  "cp_3": 0.014343686510506404,
  "restecg_0": 0.015419056757582815,
  "restecg_1": 0.016138520072978516,
  "restecg_2": 0.0007850096075144363,
  "slope_0": 0.004867639702840984,
  "slope_1": 0.024064415778573493,
  "slope_2": 0.03523881819227831,
  "thal_0": 0.0012797001323740398,
  "thal_1": 0.005538501540783493,
  "thal_2": 0.07882725675042046,
  "thal_3": 0.0597348356741776
}