{
  "Random Forest": {
    "accuracy": 0.8360655737704918,
    "precision": 0.8214285714285714,
    "recall": 0.8214285714285714,
    "f1_score": 0.8214285714285714,
    "sensitivity": 0.8214285714285714,
    "specificity": 0.8484848484848485
  },
  "Logistic Regression": {
    "accuracy": 0.8032786885245902,
    "precision": 0.8076923076923077,
    "recall": 0.75,
    "f1_score": 0.7777777777777778,
    "sensitivity": 0.75,
    "specificity": 0.8484848484848485
  },
  "Support Vector Machine": {
    "accuracy": 0.8032786885245902,
    "precision": 0.8076923076923077,
    "recall": 0.75,
    "f1_score": 0.7777777777777778,
    "sensitivity": 0.75,
    "specificity": 0.8484848484848485
  },
  "Tuned Random Forest": {
    "accuracy": 0.7868852459016393,
    "precision": 0.7586206896551724,
    "recall": 0.7857142857142857,
    "f1_score": 0.7719298245614035,
    "sensitivity": 0.7857142857142857,
    "specificity": 0.7878787878787878
  }
}